{
  "refl_mean": [
    0.05921467766165733,
    0.01976708322763443,
    0.090129554271698,
    0.3041134774684906,
    0.4025235176086426,
    0.43179264664649963,
    0.19245246052742004,
    0.06990793347358704
  ],
  "refl_std": [
    0.019764475524425507,
    0.010716181248426437,
    0.02615044265985489,
    0.04815347120165825,
    0.06460165232419968,
    0.06545234471559525,
    0.0402817465364933,
    0.024218909442424774
  ],
  "band_names": [
    "B3",
    "B4",
    "B5",
    "B6",
    "B7",
    "B8A",
    "B11",
    "B12"
  ],
  "metrics": {
    "LAI": {
      "R2": 0.4883,
      "RMSE": 1.198,
      "nRMSE": 18.4,
      "bias": -0.0041,
      "n_train": 80000,
      "n_test": 20000,
      "R2_ci95": [
        0.4787,
        0.4975
      ],
      "RMSE_ci95": [
        1.1852,
        1.211
      ],
      "bias_ci95": [
        -0.0207,
        0.0125
      ],
      "RMSE_trivial": 1.6748,
      "skill_score": 0.4883,
      "p_vs_trivial": 0.0,
      "t_bias": -0.488,
      "p_bias": 0.625,
      "R2_kfold_mean": 0.4806,
      "R2_kfold_std": 0.0037,
      "RMSE_kfold_mean": 1.215,
      "rmse_por_bin": [
        0.902,
        1.1609,
        0.9407,
        0.8356,
        1.8524
      ],
      "bias_por_bin": [
        0.6056,
        0.8064,
        0.4741,
        -0.2779,
        -1.6288
      ],
      "n_por_bin": [
        4000,
        4000,
        4000,
        4000,
        4000
      ],
      "rango_por_bin": [
        [
          1.5003153085708618,
          2.5421650409698486
        ],
        [
          2.5423243045806885,
          3.5054023265838623
        ],
        [
          3.5060181617736816,
          4.5304155349731445
        ],
        [
          4.5306572914123535,
          5.767302513122559
        ],
        [
          5.7675981521606445,
          7.999731063842773
        ]
      ]
    },
    "Cab": {
      "R2": 0.7505,
      "RMSE": 6.8783,
      "nRMSE": 13.8,
      "bias": 0.0048,
      "n_train": 80000,
      "n_test": 20000,
      "R2_ci95": [
        0.7445,
        0.7557
      ],
      "RMSE_ci95": [
        6.8139,
        6.9509
      ],
      "bias_ci95": [
        -0.0905,
        0.1001
      ],
      "RMSE_trivial": 13.769,
      "skill_score": 0.7504,
      "p_vs_trivial": 0.0,
      "t_bias": 0.098,
      "p_bias": 0.922,
      "R2_kfold_mean": 0.7466,
      "R2_kfold_std": 0.0036,
      "RMSE_kfold_mean": 6.9204,
      "rmse_por_bin": [
        5.6374,
        6.671,
        6.8426,
        6.3999,
        8.5145
      ],
      "bias_por_bin": [
        3.5777,
        2.5044,
        1.4331,
        -1.0193,
        -6.4721
      ],
      "n_por_bin": [
        4000,
        4000,
        4000,
        4000,
        4000
      ],
      "rango_por_bin": [
        [
          25.00119972229004,
          35.09394073486328
        ],
        [
          35.096534729003906,
          44.02826690673828
        ],
        [
          44.032466888427734,
          53.05183792114258
        ],
        [
          53.05280685424805,
          62.854331970214844
        ],
        [
          62.86021423339844,
          74.99557495117188
        ]
      ]
    },
    "fCover": {
      "R2": 0.6241,
      "RMSE": 0.0742,
      "nRMSE": 16.3,
      "bias": 0.0004,
      "n_train": 80000,
      "n_test": 20000,
      "R2_ci95": [
        0.6154,
        0.6344
      ],
      "RMSE_ci95": [
        0.0733,
        0.075
      ],
      "bias_ci95": [
        -0.0007,
        0.0014
      ],
      "RMSE_trivial": 0.1209,
      "skill_score": 0.6241,
      "p_vs_trivial": 0.0,
      "t_bias": 0.717,
      "p_bias": 0.473,
      "R2_kfold_mean": 0.6233,
      "R2_kfold_std": 0.0086,
      "RMSE_kfold_mean": 0.0748,
      "rmse_por_bin": [
        0.0952,
        0.08,
        0.0545,
        0.056,
        0.0769
      ],
      "bias_por_bin": [
        0.0629,
        0.0404,
        0.0017,
        -0.0355,
        -0.0676
      ],
      "n_por_bin": [
        4000,
        4000,
        4000,
        4000,
        4000
      ],
      "rango_por_bin": [
        [
          0.5276964902877808,
          0.7184016704559326
        ],
        [
          0.718424379825592,
          0.8253811001777649
        ],
        [
          0.8253877758979797,
          0.89485764503479
        ],
        [
          0.8949014544487,
          0.945071816444397
        ],
        [
          0.9450758695602417,
          0.9816797971725464
        ]
      ]
    },
    "CCC": {
      "R2": 0.6306,
      "RMSE": 62.9241,
      "nRMSE": 11.4,
      "bias": 0.1799,
      "n_train": 80000,
      "n_test": 20000,
      "R2_ci95": [
        0.6225,
        0.6375
      ],
      "RMSE_ci95": [
        62.1674,
        63.7567
      ],
      "bias_ci95": [
        -0.6922,
        1.052
      ],
      "RMSE_trivial": 103.5267,
      "skill_score": 0.6306,
      "p_vs_trivial": 0.0,
      "t_bias": 0.404,
      "p_bias": 0.686,
      "R2_kfold_mean": 0.6263,
      "R2_kfold_std": 0.0048,
      "RMSE_kfold_mean": 62.9981,
      "rmse_por_bin": [
        34.5176,
        47.911,
        54.6436,
        57.6816,
        99.9861
      ],
      "bias_por_bin": [
        21.6203,
        29.0913,
        22.19,
        -2.0429,
        -69.9595
      ],
      "n_por_bin": [
        4000,
        4000,
        4000,
        4000,
        4000
      ],
      "rango_por_bin": [
        [
          38.48017501831055,
          113.09275817871094
        ],
        [
          113.09351348876953,
          159.3843231201172
        ],
        [
          159.3870391845703,
          213.06944274902344
        ],
        [
          213.09695434570312,
          289.7871398925781
        ],
        [
          289.7908935546875,
          588.183837890625
        ]
      ]
    },
    "CWC": {
      "R2": 0.7389,
      "RMSE": 203.2945,
      "nRMSE": 7.9,
      "bias": -0.2571,
      "n_train": 80000,
      "n_test": 20000,
      "R2_ci95": [
        0.7323,
        0.7458
      ],
      "RMSE_ci95": [
        200.2396,
        206.048
      ],
      "bias_ci95": [
        -3.0747,
        2.5605
      ],
      "RMSE_trivial": 397.8926,
      "skill_score": 0.739,
      "p_vs_trivial": 0.0,
      "t_bias": -0.179,
      "p_bias": 0.858,
      "R2_kfold_mean": 0.7329,
      "R2_kfold_std": 0.0073,
      "RMSE_kfold_mean": 205.683,
      "rmse_por_bin": [
        83.7016,
        128.1294,
        169.8038,
        205.9011,
        334.6515
      ],
      "bias_por_bin": [
        40.1502,
        66.8807,
        66.9338,
        22.8222,
        -198.0722
      ],
      "n_por_bin": [
        4000,
        4000,
        4000,
        4000,
        4000
      ],
      "rango_por_bin": [
        [
          124.77291870117188,
          392.7091064453125
        ],
        [
          392.7274475097656,
          558.6718139648438
        ],
        [
          558.6885986328125,
          752.9068603515625
        ],
        [
          752.9074096679688,
          1037.1759033203125
        ],
        [
          1037.1763916015625,
          2703.639892578125
        ]
      ]
    }
  },