{
  "refl_mean": [
    0.06840067356824875,
    0.029038501903414726,
    0.09622644633054733,
    0.28193914890289307,
    0.35534048080444336,
    0.3587210178375244,
    0.16932931542396545,
    0.06999458372592926
  ],
  "refl_std": [
    0.038070403039455414,
    0.026222454383969307,
    0.048063334077596664,
    0.07294221967458725,
    0.09710965305566788,
    0.09424243122339249,
    0.048026006668806076,
    0.04150203987956047
  ],
  "band_names": [
    "B3",
    "B4",
    "B5",
    "B6",
    "B7",
    "B8A",
    "B11",
    "B12"
  ],
  "metrics": {
    "LAI": {
      "R2": 0.7047,
      "RMSE": 1.0834,
      "nRMSE": 13.7,
      "bias": 0.0098,
      "n_train": 80000,
      "n_test": 20000,
      "R2_ci95": [
        0.698,
        0.7113
      ],
      "RMSE_ci95": [
        1.0714,
        1.0977
      ],
      "bias_ci95": [
        -0.0052,
        0.0248
      ],
      "RMSE_trivial": 1.9939,
      "skill_score": 0.7048,
      "p_vs_trivial": 0.0,
      "t_bias": 1.275,
      "p_bias": 0.202,
      "R2_kfold_mean": 0.6964,
      "R2_kfold_std": 0.005,
      "RMSE_kfold_mean": 1.1028,
      "rmse_por_bin": [
        0.3843,
        1.0348,
        1.0798,
        0.8174,
        1.678
      ],
      "bias_por_bin": [
        0.1429,
        0.6154,
        0.6508,
        0.0338,
        -1.3942
      ],
      "n_por_bin": [
        4000,
        4000,
        4000,
        4000,
        4000
      ],
      "rango_por_bin": [
        [
          0.10087940096855164,
          1.6251115798950195
        ],
        [
          1.6251963376998901,
          2.827503204345703
        ],
        [
          2.82776141166687,
          4.018738746643066
        ],
        [
          4.018818378448486,
          5.449143409729004
        ],
        [
          5.449863910675049,
          7.999600887298584
        ]
      ]
    },
    "Cab": {
      "R2": 0.8113,
      "RMSE": 8.4669,
      "nRMSE": 11.3,
      "bias": 0.0133,
      "n_train": 80000,
      "n_test": 20000,
      "R2_ci95": [
        0.8063,
        0.8164
      ],
      "RMSE_ci95": [
        8.3629,
        8.567
      ],
      "bias_ci95": [
        -0.1041,
        0.1306
      ],
      "RMSE_trivial": 19.4917,
      "skill_score": 0.8113,
      "p_vs_trivial": 0.0,
      "t_bias": 0.222,
      "p_bias": 0.824,
      "R2_kfold_mean": 0.8055,
      "R2_kfold_std": 0.0071,
      "RMSE_kfold_mean": 8.5743,
      "rmse_por_bin": [
        7.0033,
        7.7921,
        7.8308,
        7.8316,
        11.2261
      ],
      "bias_por_bin": [
        2.6371,
        3.6809,
        2.5721,
        -0.8743,
        -7.9494
      ],
      "n_por_bin": [
        4000,
        4000,
        4000,
        4000,
        4000
      ],
      "rango_por_bin": [
        [
          5.003086090087891,
          24.52044105529785
        ],
        [
          24.525405883789062,
          37.842227935791016
        ],
        [
          37.845726013183594,
          49.5490837097168
        ],
        [
          49.54977035522461,
          62.626121520996094
        ],
        [
          62.62646484375,
          79.9926986694336
        ]
      ]
    },
    "fCover": {
      "R2": 0.8824,
      "RMSE": 0.0787,
      "nRMSE": 8.4,
      "bias": 0.0012,
      "n_train": 80000,
      "n_test": 20000,
      "R2_ci95": [
        0.8786,
        0.8859
      ],
      "RMSE_ci95": [
        0.078,
        0.0796
      ],
      "bias_ci95": [
        0.0001,
        0.0022
      ],
      "RMSE_trivial": 0.2295,
      "skill_score": 0.8823,
      "p_vs_trivial": 0.0,
      "t_bias": 2.075,
      "p_bias": 0.038,
      "R2_kfold_mean": 0.8753,
      "R2_kfold_std": 0.0011,
      "RMSE_kfold_mean": 0.0811,
      "rmse_por_bin": [
        0.0822,
        0.1022,
        0.0682,
        0.0593,
        0.075
      ],
      "bias_por_bin": [
        0.0274,
        0.0469,
        0.016,
        -0.0255,
        -0.059
      ],
      "n_por_bin": [
        4000,
        4000,
        4000,
        4000,
        4000
      ],
      "rango_por_bin": [
        [
          0.04878145456314087,
          0.5573180913925171
        ],
        [
          0.5573422908782959,
          0.7579144239425659
        ],
        [
          0.757942259311676,
          0.8675288558006287
        ],
        [
          0.8675470352172852,
          0.9341816902160645
        ],
        [
          0.9341880679130554,
          0.9816749691963196
        ]
      ]
    },
    "CCC": {
      "R2": 0.8173,
      "RMSE": 50.6147,
      "nRMSE": 8.2,
      "bias": -0.805,
      "n_train": 80000,
      "n_test": 20000,
      "R2_ci95": [
        0.8123,
        0.8222
      ],
      "RMSE_ci95": [
        49.701,
        51.3628
      ],
      "bias_ci95": [
        -1.5064,
        -0.1036
      ],
      "RMSE_trivial": 118.3275,
      "skill_score": 0.817,
      "p_vs_trivial": 0.0,
      "t_bias": -2.25,
      "p_bias": 0.0245,
      "R2_kfold_mean": 0.8123,
      "R2_kfold_std": 0.0038,
      "RMSE_kfold_mean": 51.1251,
      "rmse_por_bin": [
        14.6751,
        25.6234,
        41.5734,
        52.9229,
        86.0707
      ],
      "bias_por_bin": [
        7.3666,
        5.2853,
        16.1507,
        13.6192,
        -46.4469
      ],
      "n_por_bin": [
        4000,
        4000,
        4000,
        4000,
        4000
      ],
      "rango_por_bin": [
        [
          0.8047587275505066,
          49.45548629760742
        ],
        [
          49.4676513671875,
          99.51722717285156
        ],
        [
          99.52019500732422,
          160.63006591796875
        ],
        [
          160.642333984375,
          252.58482360839844
        ],
        [
          252.615478515625,
          615.5422973632812
        ]
      ]
    },
    "CWC": {
      "R2": 0.8471,
      "RMSE": 169.0308,
      "nRMSE": 4.6,
      "bias": 0.9079,
      "n_train": 80000,
      "n_test": 20000,
      "R2_ci95": [
        0.8427,
        0.8514
      ],
      "RMSE_ci95": [
        165.7456,
        172.7412
      ],
      "bias_ci95": [
        -1.4348,
        3.2506
      ],
      "RMSE_trivial": 432.2333,
      "skill_score": 0.8471,
      "p_vs_trivial": 0.0,
      "t_bias": 0.76,
      "p_bias": 0.447,
      "R2_kfold_mean": 0.8384,
      "R2_kfold_std": 0.0042,
      "RMSE_kfold_mean": 173.5426,
      "rmse_por_bin": [
        56.1171,
        80.6282,
        125.5439,
        177.899,
        292.9125
      ],
      "bias_por_bin": [
        22.1498,
        22.3923,
        34.2467,
        42.5547,
        -116.804
      ],
      "n_por_bin": [
        4000,
        4000,
        4000,
        4000,
        4000
      ],
      "rango_por_bin": [
        [
          6.70626974105835,
          222.50828552246094
        ],
        [
          222.5658721923828,
          403.29498291015625
        ],
        [
          403.3306884765625,
          619.464111328125
        ],
        [
          619.4712524414062,
          932.7620849609375
        ],
        [
          932.9550170898438,
          3716.60498046875
        ]
      ]
    }
  },